System ID,Manufact. SKU,Description
210000037047,,Devinci Kobain Deore 11S Navy M29
210000037049,,Devinci Kobain Deore 11S Navy L29
210000037051,,Devinci Kobain Deore 11S Navy XL29
210000042027,FV23043-A5,Devinci Troy GX 12S Alien Blue S29
210000042028,FV23043-A5,Devinci Troy GX 12S Alien Blue M29
210000042029,FV23043-A5,Devinci Troy GX 12S Alien Blue L29
210000042030,FV23043-A5,Devinci Troy GX 12S Alien Blue XL29
210000042031,FV23043-21,Devinci Troy GX 12S Goldland S29
210000042032,FV23043-21,Devinci Troy GX 12S Goldland M29
210000042033,FV23043-21,Devinci Troy GX 12S Goldland L29
210000042034,FV23043-21,Devinci Troy GX 12S Goldland XL29
210000042076,,Devinci Kobain Deore 11S Red DNA S29
210000042077,,Devinci Kobain Deore 11S Red DNA M29
210000042078,,Devinci Kobain Deore 11S Red DNA L29
210000042079,,Devinci Kobain Deore 11S Red DNA XL29
210000042108,FE23089-31,Devinci E-Troy Bosch Deore 12S Black S29
210000042109,FE23089-31,Devinci E-Troy Bosch Deore 12S Black M29
210000042110,FE23089-31,Devinci E-Troy Bosch Deore 12S Black L29
210000042111,FE23089-31,Devinci E-Troy Bosch Deore 12S Black XL29
210000042116,FE23089-22,Devinci E-Troy Bosch GX 12S Green Gold S29/27
210000042117,FE23089-22,Devinci E-Troy Bosch GX 12S Green Gold M29/27
210000042118,FE23089-22,Devinci E-Troy Bosch GX 12S Green Gold L29/27
210000042119,FE23089-22,Devinci E-Troy Bosch GX 12S Green Gold XL29/27
210000042120,FE24096-33,Devinci E-Troy Bosch GX 12S Red Mox S29/27
210000042121,FE24096-33,Devinci E-Troy Bosch GX 12S Red Mox M29/27
210000042122,FE24096-33,Devinci E-Troy Bosch GX 12S Red Mox L29/27
210000042123,FE24096-33,Devinci E-Troy Bosch GX 12S Red Mox XL29/27
210000042674,,Devinci Chainsaw XT 12S Ltd Gloss Green Matcha S29
210000042675,,Devinci Chainsaw XT 12S Ltd Gloss Green Matcha M29
210000042676,,Devinci Chainsaw XT 12S Ltd Gloss Green Matcha L29
210000042677,,Devinci Chainsaw XT 12S Ltd Gloss Green Matcha XL29
210000042678,FV25110-22,Devinci Chainsaw GX 12S Gloss Green Lux S29
210000042679,FV25110-22,Devinci Chainsaw GX 12S Gloss Green Lux M29
210000042680,FV25110-22,Devinci Chainsaw GX 12S Gloss Green Lux L29
210000042681,FV25110-22,Devinci Chainsaw GX 12S Gloss Green Lux XL29
210000042682,,Devinci Chainsaw GX 12S Matcha S29
210000042683,,Devinci Chainsaw GX 12S Matcha M29
210000042684,,Devinci Chainsaw GX 12S Matcha L29
210000042685,,Devinci Chainsaw GX 12S Matcha XL29
210000044029,,Devinci Troy ST GX AXS 12s Gloss Stoneware Orange S29/27
210000044030,,Devinci Troy ST GX AXS 12s Gloss Stoneware Orange M29/27
210000044031,,Devinci Troy ST GX AXS 12s Gloss Stoneware Orange L29/27
210000044032,,Devinci Troy ST GX AXS 12s Gloss Stoneware Orange XL29/27
210000045684,FV25110-75,Devinci Chainsaw MX DH GX Air Red-Y S29/27
210000045685,FV25110-75,Devinci Chainsaw MX DH GX Air Red-Y M29/27
210000045686,FV25110-75,Devinci Chainsaw MX DH GX Air Red-Y L29/27
210000045687,FV25110-75,Devinci Chainsaw MX DH GX Air Red-Y XL29/27
210000045688,FV24090-41,Devinci Troy 5 MX GX AXS 12s Matcha S29/27
210000045689,FV24090-41,Devinci Troy 5 MX GX AXS 12s Matcha M29/27
210000045690,FV24090-41,Devinci Troy 5 MX GX AXS 12s Matcha L29/27
210000045691,FV24090-41,Devinci Troy 5 MX GX AXS 12s Matcha XL29/27
210000045692,FV24090-32,Devinci Troy 5 MX Eagle 90 12s LTD Lustre/AL13 S29/27
210000045693,FV24090-32,Devinci Troy 5 MX Eagle 90 12s LTD Lustre/AL13 M29/27
210000045694,FV24090-32,Devinci Troy 5 MX Eagle 90 12s LTD Lustre/AL13 L29/27
210000045695,FV24090-32,Devinci Troy 5 MX Eagle 90 12s LTD Lustre/AL13 XL29/27
210000045696,FE24072-73,Devinci E-Troy Lite S1000 AXS 12s Gloss Sea Green S29/27
210000045697,FE24072-73,Devinci E-Troy Lite S1000 AXS 12s Gloss Sea Green M29/27
210000045698,FE24072-73,Devinci E-Troy Lite S1000 AXS 12s Gloss Sea Green L29/27
210000045699,FE24072-73,Devinci E-Troy Lite S1000 AXS 12s Gloss Sea Green XL29/27
210000046230,FV25091-22,Devinci Troy Carbon MX GX AXS 12s Gloss Incognito S29/27
210000046231,FV25091-22,Devinci Troy Carbon MX GX AXS 12s Gloss Incognito M29/27
210000046232,FV25091-22,Devinci Troy Carbon MX GX AXS 12s Gloss Incognito L29/27
210000046233,FV25091-22,Devinci Troy Carbon MX GX AXS 12s Gloss Incognito XL29/27
210000046234,FV25091-11,Devinci Troy Carbon MX Eagle 90 12s Gloss Sea Green S29/27
210000046235,FV25091-11,Devinci Troy Carbon MX Eagle 90 12s Gloss Sea Green M29/27
210000046236,FV25091-11,Devinci Troy Carbon MX Eagle 90 12s Gloss Sea Green L29/27
210000046237,FV25091-11,Devinci Troy Carbon MX Eagle 90 12s Gloss Sea Green XL29/27
210000046404,FE26100-22,Devinci E-Spartan Lite GX AXS 12S Gloss Deep Olive M29/27
210000046405,FE26100-22,Devinci E-Spartan Lite GX AXS 12S Gloss Deep Olive L29/27
210000046406,FE26100-22,Devinci E-Spartan Lite GX AXS 12S Gloss Deep Olive XL29/27
210000046407,FE26100-11,Devinci E-Spartan Lite Eagle 90 12S Gloss HoloGrayphic M29/27
210000046408,FE26100-11,Devinci E-Spartan Lite Eagle 90 12S Gloss HoloGrayphic L29/27
210000046409,FE26100-11,Devinci E-Spartan Lite Eagle 90 12S Gloss HoloGrayphic XL29/27
210000046551,FE24072-63,Devinci E-Troy Lite Eagle 70 12s Gloss Sea Green S29/27
210000046552,FE24072-63,Devinci E-Troy Lite Eagle 70 12s Gloss Sea Green M29/27
210000046553,FE24072-63,Devinci E-Troy Lite Eagle 70 12s Gloss Sea Green L29/27
210000046554,FE24072-63,Devinci E-Troy Lite Eagle 70 12s Gloss Sea Green XL29/27
210000046843,FV26119-A1,Devinci Troy Deore 12S Gloss Deep Teal S29
210000046844,FV26119-A1,Devinci Troy Deore 12S Gloss Deep Teal M29
210000046845,FV26119-A1,Devinci Troy Deore 12S Gloss Deep Teal L29
210000046846,FV26119-A1,Devinci Troy Deore 12S Gloss Deep Teal XL29
210000046850,FV26119-32,Devinci Troy Eagle 90 12s Gloss Night Crow S29
210000046851,FV26119-32,Devinci Troy Eagle 90 12s Gloss Night Crow M29
210000046852,FV26119-32,Devinci Troy Eagle 90 12s Gloss Night Crow L29
210000046853,FV26119-32,Devinci Troy Eagle 90 12s Gloss Night Crow XL29
210000046854,FV26120-43,Devinci Troy ST Deore Gloss Black Dust XS27
210000046855,FV26120-43,Devinci Troy ST Deore Gloss Black Dust S27
210000046856,FV26120-43,Devinci Troy ST Deore Gloss Black Dust M29
210000046857,FV26120-43,Devinci Troy ST Deore Gloss Black Dust L29
210000046858,FV26120-43,Devinci Troy ST Deore Gloss Black Dust XL29
210000046859,FV26120-21,Devinci Troy ST Eagle 90 Gloss Feeling Purple XS27
210000046860,FV26120-21,Devinci Troy ST Eagle 90 Gloss Feeling Purple S27
210000046861,FV26120-21,Devinci Troy ST Eagle 90 Gloss Feeling Purple M29
210000046862,FV26120-21,Devinci Troy ST Eagle 90 Gloss Feeling Purple L29
210000046863,FV26120-21,Devinci Troy ST Eagle 90 Gloss Feeling Purple XL29
210000047790,FE26118-21,Devinci E-Troy Lite S1000 AXS 12s Gloss Paper Teal S29/27
210000047791,FE26118-21,Devinci E-Troy Lite S1000 AXS 12s Gloss Paper Teal M29/27
210000047792,FE26118-21,Devinci E-Troy Lite S1000 AXS 12s Gloss Paper Teal L29/27
210000047793,FE26118-21,Devinci E-Troy Lite S1000 AXS 12s Gloss Paper Teal XL29/27
210000047794,FE26118-11,Devinci E-Troy Lite Eagle 70 12s Gloss Paper Teal S29/27
210000047795,FE26118-11,Devinci E-Troy Lite Eagle 70 12s Gloss Paper Teal M29/27
210000047796,FE26118-11,Devinci E-Troy Lite Eagle 70 12s Gloss Paper Teal L29/27
210000047797,FE26118-11,Devinci E-Troy Lite Eagle 70 12s Gloss Paper Teal XL29/27
210000047798,FE26118-32,Devinci E-Troy Lite GX AXS 12s Gloss Night Crow S29/27
210000047799,FE26118-32,Devinci E-Troy Lite GX AXS 12s Gloss Night Crow M29/27
210000047800,FE26118-32,Devinci E-Troy Lite GX AXS 12s Gloss Night Crow L29/27
210000047801,FE26118-32,Devinci E-Troy Lite GX AXS 12s Gloss Night Crow XL29/27
210000047802,FV26091-14,Devinci Troy Carbon MX Eagle 90 12s Gloss HoloGraphic S29/27
210000047803,FV26091-14,Devinci Troy Carbon MX Eagle 90 12s Gloss HoloGraphic M29/27
210000047804,FV26091-14,Devinci Troy Carbon MX Eagle 90 12s Gloss HoloGraphic L29/27
210000047805,FV26091-14,Devinci Troy Carbon MX Eagle 90 12s Gloss HoloGraphic XL29/27
210000048347,FV27105-32,Devinci Spartan GX AXS Gloss Deep Olive S29/27.5
210000048348,FV27105-32,Devinci Spartan GX AXS Gloss Deep Olive M29/27.5
210000048349,FV27105-32,Devinci Spartan GX AXS Gloss Deep Olive L29/27.5
210000048350,FV27105-32,Devinci Spartan GX AXS Gloss Deep Olive XL29/27.5
210000048351,FV26105-11,Devinci Spartan Eagle 90 Gloss Greige S29/27.5
210000048352,FV26105-11,Devinci Spartan Eagle 90 Gloss Greige M29/27.5
210000048353,FV26105-11,Devinci Spartan Eagle 90 Gloss Greige L29/27.5
210000048354,FV26105-11,Devinci Spartan Eagle 90 Gloss Greige XL29/27.5
210000048355,FV26105-A1,Devinci Spartan Deore Gloss Greige S29/27.5
210000048356,FV26105-A1,Devinci Spartan Deore Gloss Greige M29/27.5
210000048357,FV26105-A1,Devinci Spartan Deore Gloss Greige L29/27.5
210000048358,FV26105-A1,Devinci Spartan Deore Gloss Greige XL29/27.5
210000048969,FV26110-26,Devinci Chainsaw GX 12S Steel Gray M29
210000049245,FE27108-22,Devinci E-Spartan GX AXS 12S Gloss Concrete Velvet S29/27.5
210000049246,FE27108-22,Devinci E-Spartan GX AXS 12S Gloss Concrete Velvet M29/27.5
210000049247,FE27108-22,Devinci E-Spartan GX AXS 12S Gloss Concrete Velvet L29/27.5
210000049248,FE27108-22,Devinci E-Spartan GX AXS 12S Gloss Concrete Velvet XL29/27.5
