System ID,Manufact. SKU,Item
210000027215,1230010010,Norco Fluid FS1 20 Orange/Charcoal
210000041889,623014114,Norco Sight A1 MX Silver/Green SZ1 (29/27.5)
210000041890,,Norco Sight A1 MX Silver/Green SZ2 (29/27.5)
210000041891,,Norco Sight A1 MX Silver/Green SZ3 (29/27.5)
210000041892,,Norco Sight A1 MX Silver/Green SZ4 (29/27.5)
210000041893,623014118,Norco Sight A1 MX Silver/Green SZ5 (29/27.5)
210000044735,691015754,Norco Charger A1 Sage Slate S27
210000044736,691015955,Norco Charger A1 Sage Slate M29
210000044737,691015956,Norco Charger A1 Sage Slate L29
210000044738,691015957,Norco Charger A1 Sage Slate XL29
210000044739,691015958,Norco Charger A1 Sage Slate XXL29
210000044740,692015754,Norco Charger A2 Silverton S27
210000044741,692015955,Norco Charger A2 Silverton M29
210000044742,692015956,Norco Charger A2 Silverton L29
210000044743,692015957,Norco Charger A2 Silverton XL29
210000044744,692015958,Norco Charger A2 Silverton XXL29
210000044745,672015754,Norco Storm 120 Nanaimo Bar S27
210000044746,672015955,Norco Storm 120 Nanaimo Bar M29
210000044747,672015956,Norco Storm 120 Nanaimo Bar L29
210000044748,672015957,Norco Storm 120 Nanaimo Bar XL29
210000044749,672015958,Norco Storm 120 Nanaimo Bar XXL29
210000044750,674015753,Norco Storm Youth 27.5 Canadian Mint OS
210000044751,1230115654,Norco Charger Youth 26 Sage Slate OS
210000044752,1230215454,Norco Charger Youth 24 Ice White OS
210000044753,1230315054,Norco Charger Youth 20 Olive OS
210000044754,673015754,Norco Storm 100 Black Tusk S27
210000044755,673015955,Norco Storm 100 Black Tusk M29
210000044756,673015956,Norco Storm 100 Black Tusk L29
210000044757,673015957,Norco Storm 100 Black Tusk XL29
210000044758,673015958,Norco Storm 100 Black Tusk XXL29
210000044759,673025754,Norco Storm 100 Golden Larch S27
210000044760,673025955,Norco Storm 100 Golden Larch M29
210000044761,673025956,Norco Storm 100 Golden Larch L29
210000044762,673025957,Norco Storm 100 Golden Larch XL29
210000044763,673025958,Norco Storm 100 Golden Larch XXL29
210000044774,1240115654,Norco Storm Youth 26 Silverton OS
210000044775,1240215454,Norco Storm Youth 24 Nanaimo Bar OS
210000044776,1240315054,Norco Storm Youth 20 Blue OS
210000044875,680315154,Norco Optic C2 MX Trail Shore Series Raw Shore Green SZ1
210000044876,680315155,Norco Optic C2 MX Trail Shore Series Raw Shore Green SZ2
210000044877,680315156,Norco Optic C2 MX Trail Shore Series Raw Shore Green SZ3
210000044878,680315157,Norco Optic C2 MX Trail Shore Series Raw Shore Green SZ4
210000044879,680315158,Norco Optic C2 MX Trail Shore Series Raw Shore Green SZ5
210000046199,674016753,Norco Storm Youth 27.5 Gloss Black OS
210000046203,1230112010,Norco Fluid FS2 Youth 20 Black/Grey
210000046204,1230012010,Norco Fluid FS1 20 Blue/Chrome
210000046558,650416914,Norco Fluid FS A3 Black Tusk S29
210000046559,650416915,Norco Fluid FS A3 Black Tusk M29
210000046560,650416916,Norco Fluid FS A3 Black Tusk L29
210000046561,650416917,Norco Fluid FS A3 Black Tusk XL29
210000046562,650416918,Norco Fluid FS A3 Black Tusk XXL29
210000046563,650415914,Norco Fluid FS A3 Canadian Mint Green S29
210000046564,650415915,Norco Fluid FS A3 Canadian Mint Green M29
210000046565,650415916,Norco Fluid FS A3 Canadian Mint Green L29
210000046566,650415917,Norco Fluid FS A3 Canadian Mint Green XL29
210000046567,650415918,Norco Fluid FS A3 Canadian Mint Green XXL29
210000046682,650215914,Norco Fluid FS A2 Silverton S29
210000046683,650215915,Norco Fluid FS A2 Silverton M29
210000046684,650215916,Norco Fluid FS A2 Silverton L29
210000046685,650215917,Norco Fluid FS A2 Silverton XL29
210000046686,650215918,Norco Fluid FS A2 Silverton XXL29
210000046951,1240316004,Norco Storm Youth 20 Lavender OS
210000046959,1230116050,Norco Fluid FS Youth 20 Dark Metallic Green
210000046960,1230316450,Norco Fluid FS Youth 24 Dark Metallic Green
210000046961,1230416753,Norco Fluid FS Youth 27.5 Dark Metallic Green
210000047066,621115114,Norco Sight A1 150 MX Habitat Moss Green SZ1 - 29/27.5
210000047067,621115115,Norco Sight A1 150 MX Habitat Moss Green SZ2 - 29/27.5
210000047068,621115116,Norco Sight A1 150 MX Habitat Moss Green SZ3 - 29/27.5
210000047069,621115117,Norco Sight A1 150 MX Habitat Moss Green SZ4 - 29/27.5
210000047070,621115118,Norco Sight A1 150 MX Habitat Moss Green SZ5 - 29/27.5
210000047224,620216154,Norco Sight C2 150 MX Gen 5 Black Raw Carbon SZ1
210000047225,620216155,Norco Sight C2 150 MX Gen 5 Black Raw Carbon SZ2
210000047226,620216156,Norco Sight C2 150 MX Gen 5 Black Raw Carbon SZ3
210000047227,620216157,Norco Sight C2 150 MX Gen 5 Black Raw Carbon SZ4
210000047228,620216158,Norco Sight C2 150 MX Gen 5 Black Raw Carbon SZ5
210000047229,620215154,Norco Sight C2 150 MX Gen 5 Raw Fast Black SZ1
210000047230,620215155,Norco Sight C2 150 MX Gen 5 Raw Fast Black SZ2
210000047231,620215156,Norco Sight C2 150 MX Gen 5 Raw Fast Black SZ3
210000047232,620215157,Norco Sight C2 150 MX Gen 5 Raw Fast Black SZ4
210000047233,620215158,Norco Sight C2 150 MX Gen 5 Raw Fast Black SZ5
210000047674,286016154,Norco Sight VLT TQ C3 Metallic Brown SZ1
210000047675,286016155,Norco Sight VLT TQ C3 Metallic Brown SZ2
210000047676,286016156,Norco Sight VLT TQ C3 Metallic Brown SZ3
210000047677,286016157,Norco Sight VLT TQ C3 Metallic Brown SZ4
210000047678,286016158,Norco Sight VLT TQ C3 Metallic Brown SZ5
210000048094,672025754,Norco Storm 120 Vanilla S27
210000048095,672025955,Norco Storm 120 Vanilla M29
210000048096,672025956,Norco Storm 120 Vanilla L29
210000048097,672025957,Norco Storm 120 Vanilla XL29
210000048098,672025958,Norco Storm 120 Vanilla XXL29
210000048099,673035754,Norco Storm 100 Carmine Pink S27
210000048100,673035955,Norco Storm 100 Carmine Pink M29
210000048101,673035956,Norco Storm 100 Carmine Pink L29
210000048102,673035957,Norco Storm 100 Carmine Pink XL29
210000048103,673035958,Norco Storm 100 Carmine Pink XXL29
210000048104,1240317054,Norco Storm Youth 20 Red OS
210000048105,1240327054,Norco Storm Youth 20 Pink OS
210000048106,1240217454,Norco Storm Youth 24 Blue/White OS
210000048107,1240227454,Norco Storm Youth 24 Peach OS
210000048108,1240127654,Norco Storm Youth 26 Berry Magenta OS
210000048109,1240117654,Norco Storm Youth 26 Teal OS
210000048571,286617154,Norco Sight VLT Bosch A3 Grey SZ1 (29/27.5)
210000048572,286617155,Norco Sight VLT Bosch A3 Grey SZ2 (29/27.5)
210000048573,286617156,Norco Sight VLT Bosch A3 Grey SZ3 (29/27.5)
210000048574,286617157,Norco Sight VLT Bosch A3 Grey SZ4 (29/27.5)
210000048575,286617158,Norco Sight VLT Bosch A3 Grey SZ5 (29/27.5)
210000048576,286627154,Norco Sight VLT Bosch A3 Blue SZ1 (29/27.5)
210000048577,286627155,Norco Sight VLT Bosch A3 Blue SZ2 (29/27.5)
210000048578,286627156,Norco Sight VLT Bosch A3 Blue SZ3 (29/27.5)
210000048579,286627157,Norco Sight VLT Bosch A3 Blue SZ4 (29/27.5)
210000048580,286627158,Norco Sight VLT Bosch A3 Blue SZ5 (29/27.5)
210000048581,286417154,Norco Sight VLT Bosch A2 Black SZ1 (29/27.5)
210000048582,286417155,Norco Sight VLT Bosch A2 Black SZ2 (29/27.5)
210000048583,286417156,Norco Sight VLT Bosch A2 Black SZ3 (29/27.5)
210000048584,286417157,Norco Sight VLT Bosch A2 Black SZ4 (29/27.5)
210000048585,286417158,Norco Sight VLT Bosch A2 Black SZ5 (29/27.5)
210000048586,286217154,Norco Sight VLT Bosch A1 Silver SZ1 (29/27.5)
210000048587,286217155,Norco Sight VLT Bosch A1 Silver SZ2 (29/27.5)
210000048588,286217156,Norco Sight VLT Bosch A1 Silver SZ3 (29/27.5)
210000048589,286217157,Norco Sight VLT Bosch A1 Silver SZ4 (29/27.5)
210000048590,286217158,Norco Sight VLT Bosch A1 Silver SZ5 (29/27.5)
210000048913,287617155,Norco Sight VLT CX C3 Smoke Grey SZ2 (29/27.5)
210000048914,287617156,Norco Sight VLT CX C3 Smoke Grey SZ3 (29/27.5)
210000048915,287617157,Norco Sight VLT CX C3 Smoke Grey SZ4 (29/27.5)
210000048916,287617158,Norco Sight VLT CX C3 Smoke Grey SZ5 (29/27.5)
210000048917,287417155,Norco Sight VLT CX C2 Black Raw Carbon SZ2 (29/27.5)
210000048918,287417156,Norco Sight VLT CX C2 Black Raw Carbon SZ3 (29/27.5)
210000048919,287417157,Norco Sight VLT CX C2 Black Raw Carbon SZ4 (29/27.5)
210000048920,287417158,Norco Sight VLT CX C2 Black Raw Carbon SZ5 (29/27.5)
210000048921,287217155,Norco Sight VLT CX C1 Cookies and Cream SZ2 (29/27.5)
210000048922,287217156,Norco Sight VLT CX C1 Cookies and Cream SZ3 (29/27.5)
210000048923,287217157,Norco Sight VLT CX C1 Cookies and Cream SZ4 (29/27.5)
210000048924,287217158,Norco Sight VLT CX C1 Cookies and Cream SZ5 (29/27.5)
210000048949,634027714,Norco Torrent DH A1 Raw SZ1 (29/27.5)
210000048950,634027915,Norco Torrent DH A1 Raw SZ2 (29/27.5)
210000048951,634027916,Norco Torrent DH A1 Raw SZ3 (29/27.5)
210000048952,634027917,Norco Torrent DH A1 Raw SZ4 (29/27.5)
210000048953,634027918,Norco Torrent DH A1 Raw SZ5 (29/27.5)
210000048954,634017714,Norco Torrent DH A1 Blue SZ1 (29/27.5)
210000048955,634017915,Norco Torrent DH A1 Blue SZ2 (29/27.5)
210000048956,634017916,Norco Torrent DH A1 Blue SZ3 (29/27.5)
210000048957,634017917,Norco Torrent DH A1 Blue SZ4 (29/27.5)
210000048958,634017918,Norco Torrent DH A1 Blue SZ5 (29/27.5)
210000049181,611117154,Norco Sight A2 160 MX Rust Red S1 (29/27.5)
210000049182,611117155,Norco Sight A2 160 MX Rust Red S2 (29/27.5)
210000049183,611117156,Norco Sight A2 160 MX Rust Red S3 (29/27.5)
210000049184,611117157,Norco Sight A2 160 MX Rust Red S4 (29/27.5)
210000049185,611117158,Norco Sight A2 160 MX Rust Red S5 (29/27.5)
210000049193,611017154,Norco Sight A1 160 MX Blue S1 (29/27.5)
210000049194,,Norco Sight A1 160 MX Blue S2 (29/27.5)
210000049195,611017156,Norco Sight A1 160 MX Blue S3 (29/27.5)
210000049196,611017157,Norco Sight A1 160 MX Blue S4 (29/27.5)
210000049197,611017158,Norco Sight A1 160 MX Blue S5 (29/27.5)
210000049369,280617155,Norco Range VLT CX C1 Space Black SZ2
210000049370,280617156,Norco Range VLT CX C1 Space Black SZ3
210000049371,280617157,Norco Range VLT CX C1 Space Black SZ4
210000049372,280617158,Norco Range VLT CX C1 Space Black SZ5
210000049373,280917155,Norco Range VLT CX C2 Raw Carbon Blue SZ2
210000049374,280917156,Norco Range VLT CX C2 Raw Carbon Blue SZ3
210000049375,280917157,Norco Range VLT CX C2 Raw Carbon Blue SZ4
210000049376,280917158,Norco Range VLT CX C2 Raw Carbon Blue SZ5
